Belgie;;;
Gew.Brussel;Belgie;;
Vlaanderen;Belgie;;
Wallonie;Belgie;;
Henegouwen;Wallonie;;
Limburg;Vlaanderen;;
Luik;Wallonie;;
Luxemburg;Wallonie;;
Namen;Wallonie;;
Oost-Vlaanderen;Vlaanderen;;
Prov.Antwerpen;Vlaanderen;;
Vlaams-Brabant;Vlaanderen;;
Waals-Brabant;Wallonie;;
West-Vlaanderen;Vlaanderen;;
Arr.Aalst;Oost-Vlaanderen;;
Arr.Antwerpen;Prov.Antwerpen;;
Arr.Arlon;Luxemburg;;
Arr.Ath;Henegouwen;;
Arr.Bastogne;Luxemburg;;
Arr.Brugge;West-Vlaanderen;;
Arr.Charleroi;Henegouwen;;
Arr.Dendermonde;Oost-Vlaanderen;;
Arr.Diksmuide;West-Vlaanderen;;
Arr.Dinant;Namen;;
Arr.Eeklo;Oost-Vlaanderen;;
Arr.Gent;Oost-Vlaanderen;;
Arr.Halle-Vilvoorde;Vlaams-Brabant;;
Arr.Hasselt;Limburg;;
Arr.Huy;Luik;;
Arr.Ieper;West-Vlaanderen;;
Arr.Kortrijk;West-Vlaanderen;;
Arr.Leuven;Vlaams-Brabant;;
Arr.Liege;Luik;;
Arr.Maaseik;Limburg;;
Arr.Marche-en-Famenne;Luxemburg;;
Arr.Mechelen;Prov.Antwerpen;;
Arr.Mons;Henegouwen;;
Arr.Mouscron;Henegouwen;;
Arr.Namur;Namen;;
Arr.Neufchateau;Luxemburg;;
Arr.Nivelles;Waals-Brabant;;
Arr.Oostende;West-Vlaanderen;;
Arr.Oudenaarde;Oost-Vlaanderen;;
Arr.Philippeville;Namen;;
Arr.Roeselare;West-Vlaanderen;;
Arr.Sint-Niklaas;Oost-Vlaanderen;;
Arr.Soignies;Henegouwen;;
Arr.Thuin;Henegouwen;;
Arr.Tielt;West-Vlaanderen;;
Arr.Tongeren;Limburg;;
Arr.Tournai;Henegouwen;;
Arr.Turnhout;Prov.Antwerpen;;
Arr.Verviers;Luik;;
Arr.Veurne;West-Vlaanderen;;
Arr.Virton;Luxemburg;;
Arr.Waremme;Luik;;
Aalst;Arr.Aalst;77123;78.12
Aalter;Arr.Gent;18707;81.92
Aarschot;Arr.Leuven;27883;62.51
Aartselaar;Arr.Antwerpen;14292;10.93
Affligem;Arr.Halle-Vilvoorde;11880;17.70
Aiseau-Presles;Arr.Charleroi;10741;22.19
Alken;Arr.Tongeren;11049;28.14
Alveringem;Arr.Veurne;4887;80.01
Amay;Arr.Huy;13119;27.61
Ambleve;Arr.Verviers;5257;125.15
Andenne;Arr.Dinant;24252;86.17
Anderlecht;Gew.Brussel;95275;17.74
Anderlues;Arr.Thuin;11554;17.02
Anhee;Arr.Dinant;6910;65.67
Ans;Arr.Liege;27313;23.35
Anthisnes;Arr.Huy;4001;37.08
Antoing;Arr.Tournai;7534;31.13
Antwerpen;Arr.Antwerpen;460319;204.51
Anzegem;Arr.Kortrijk;13899;41.79
Ardooie;Arr.Tielt;9122;34.58
Arendonk;Arr.Turnhout;12175;55.38
Arlon;Arr.Arlon;26176;118.64
As;Arr.Hasselt;7488;22.07
Asse;Arr.Halle-Vilvoorde;29054;49.64
Assenede;Arr.Eeklo;13509;87.22
Assesse;Arr.Namur;6248;78.16
Ath;Arr.Ath;26711;126.95
Attert;Arr.Arlon;4644;70.94
Aubange;Arr.Arlon;14979;45.60
Aubel;Arr.Verviers;4056;18.83
Avelgem;Arr.Kortrijk;9418;21.75
Awans;Arr.Liege;8685;27.16
Aywaille;Arr.Liege;10697;79.97
Baarle-Hertog;Arr.Turnhout;2281;7.48
Baelen;Arr.Verviers;4052;85.73
Balen;Arr.Turnhout;20135;72.88
Bassenge;Arr.Liege;8360;38.17
Bastogne;Arr.Bastogne;14045;172.03
Beaumont;Arr.Thuin;6667;92.97
Beauraing;Arr.Dinant;8321;174.55
Beauvechain;Arr.Nivelles;6496;38.58
Beernem;Arr.Brugge;14565;71.68
Beerse;Arr.Turnhout;16350;37.48
Beersel;Arr.Halle-Vilvoorde;23374;30.01
Begijnendijk;Arr.Leuven;9327;17.62
Bekkevoort;Arr.Leuven;5832;37.17
Beloeil;Arr.Ath;13299;61.55
Beringen;Arr.Hasselt;40930;78.30
Berlaar;Arr.Mechelen;10484;24.57
Berlare;Arr.Dendermonde;14013;37.82
Berloz;Arr.Waremme;2778;14.49
Bernissart;Arr.Ath;11453;43.42
Bertem;Arr.Leuven;9126;29.75
Bertogne;Arr.Bastogne;2902;91.67
Bertrix;Arr.Neufchateau;8171;137.70
Bever;Arr.Halle-Vilvoorde;2011;19.78
Beveren;Arr.Sint-Niklaas;45588;150.18
Beyne-Heusay;Arr.Liege;11750;7.32
Bierbeek;Arr.Leuven;9106;39.73
Bievre;Arr.Dinant;3129;109.59
Bilzen;Arr.Tongeren;30008;75.90
Binche;Arr.Thuin;32337;60.66
Blankenberge;Arr.Brugge;18129;17.41
Blegny;Arr.Liege;12708;26.07
Bocholt;Arr.Maaseik;12285;59.34
Boechout;Arr.Antwerpen;12057;20.66
Bonheiden;Arr.Mechelen;14411;29.27
Boom;Arr.Antwerpen;15890;7.37
Boortmeerbeek;Arr.Leuven;11479;18.64
Borgloon;Arr.Tongeren;10142;51.12
Bornem;Arr.Mechelen;20019;45.76
Borsbeek;Arr.Antwerpen;10271;3.92
Bouillon;Arr.Neufchateau;5453;149.09
Boussu;Arr.Mons;20083;20.01
Boutersem;Arr.Leuven;7512;30.75
Braine-l'Alleud;Arr.Nivelles;36925;52.12
Braine-le-Chateau;Arr.Nivelles;9459;22.70
Braine-le-Comte;Arr.Soignies;20168;84.68
Braives;Arr.Waremme;5526;44.00
Brakel;Arr.Oudenaarde;13668;56.46
Brasschaat;Arr.Antwerpen;37155;38.49
Brecht;Arr.Antwerpen;26127;90.84
Bredene;Arr.Oostende;15124;13.08
Bree;Arr.Maaseik;14472;64.96
Brugelette;Arr.Ath;3271;28.40
Brugge;Arr.Brugge;117172;138.40
Brunehaut;Arr.Tournai;7674;46.11
Brussel;Gew.Brussel;143346;32.61
Buggenhout;Arr.Dendermonde;13765;25.25
Bullingen;Arr.Verviers;5390;150.49
Burdinne;Arr.Huy;2791;32.57
Burg-Reuland;Arr.Verviers;3902;108.96
Butgenbach;Arr.Verviers;5568;97.31
Celles;Arr.Tournai;5447;67.14
Cerfontaine;Arr.Philippeville;4507;83.45
Chapelle-Lez-Herlaimont;Arr.Charleroi;13896;18.10
Charleroi;Arr.Charleroi;201433;102.08
Chastre;Arr.Nivelles;6672;31.27
Chatelet;Arr.Charleroi;35542;27.03
Chaudfontaine;Arr.Liege;20912;25.52
Chaumont-Gistoux;Arr.Nivelles;10859;48.09
Chievres;Arr.Ath;6115;46.91
Chimay;Arr.Thuin;9726;197.10
Chiny;Arr.Virton;4949;113.69
Ciney;Arr.Dinant;14898;147.56
Clavier;Arr.Huy;4161;79.12
Colfontaine;Arr.Mons;19994;13.62
Comblain-Au-Pont;Arr.Liege;5334;22.68
Comines-Warneton;Arr.Mouscron;17472;61.09
Courcelles;Arr.Charleroi;29502;44.24
Court-Saint-Etienne;Arr.Nivelles;9315;26.64
Couvin;Arr.Philippeville;13433;206.93
Crisnee;Arr.Waremme;2740;16.83
Dalhem;Arr.Liege;6446;36.06
Damme;Arr.Brugge;10919;89.52
Daverdisse;Arr.Neufchateau;1343;56.40
De Haan;Arr.Oostende;11872;42.17
De Panne;Arr.Veurne;9973;23.90
De Pinte;Arr.Gent;10176;17.98
Deerlijk;Arr.Kortrijk;11324;16.82
Deinze;Arr.Gent;28161;75.53
Denderleeuw;Arr.Aalst;17189;13.77
Dendermonde;Arr.Dendermonde;43182;55.67
Dentergem;Arr.Tielt;8127;25.94
Dessel;Arr.Turnhout;8730;27.03
Destelbergen;Arr.Gent;17122;26.56
Diepenbeek;Arr.Hasselt;17707;41.19
Diest;Arr.Leuven;22663;58.20
Diksmuide;Arr.Diksmuide;15682;149.40
Dilbeek;Arr.Halle-Vilvoorde;39366;41.18
Dilsen-Stokkem;Arr.Maaseik;18915;65.61
Dinant;Arr.Dinant;12938;99.80
Dison;Arr.Verviers;14107;14.01
Doische;Arr.Philippeville;2810;84.02
Donceel;Arr.Waremme;2817;23.31
Dour;Arr.Mons;16739;33.32
Drogenbos;Arr.Halle-Vilvoorde;4888;2.49
Duffel;Arr.Mechelen;16025;22.71
Durbuy;Arr.Marche-en-Famenne;10495;156.61
Ecaussines;Arr.Soignies;9908;34.77
Edegem;Arr.Antwerpen;21729;8.65
Eeklo;Arr.Eeklo;19404;30.05
Eghezee;Arr.Namur;14209;102.81
Ellezelles;Arr.Ath;5678;44.69
Elsene;Gew.Brussel;77540;6.34
Enghien;Arr.Soignies;11837;40.59
Engis;Arr.Huy;5621;27.74
Erezee;Arr.Marche-en-Famenne;2892;78.44
Erpe-Mere;Arr.Aalst;19004;34.03
Erquelinnes;Arr.Thuin;9524;44.23
Esneux;Arr.Liege;13107;34.05
Essen;Arr.Antwerpen;16933;47.48
Estaimpuis;Arr.Tournai;9567;31.75
Estinnes;Arr.Thuin;7387;72.73
Etalle;Arr.Virton;5267;78.10
Etterbeek;Gew.Brussel;41264;3.15
Eupen;Arr.Verviers;18161;103.74
Evere;Gew.Brussel;33175;5.02
Evergem;Arr.Gent;32089;75.04
Faimes;Arr.Waremme;3426;28.48
Farciennes;Arr.Charleroi;11120;10.39
Fauvillers;Arr.Bastogne;1972;74.11
Fernelmont;Arr.Namur;6699;65.61
Ferrieres;Arr.Huy;4444;56.90
Fexhe-Le-Haut-Clocher;Arr.Waremme;2998;19.25
Flemalle;Arr.Liege;25167;36.68
Fleron;Arr.Liege;16010;13.72
Fleurus;Arr.Charleroi;22308;59.28
Flobecq;Arr.Ath;3231;23.00
Floreffe;Arr.Namur;7405;38.89
Florennes;Arr.Philippeville;10684;133.55
Florenville;Arr.Virton;5511;146.91
Fontaine-L'Eveque;Arr.Charleroi;16756;28.41
Fosses-La-Ville;Arr.Namur;9251;63.24
Frameries;Arr.Mons;20644;25.95
Frasnes-Lez-Anvaing;Arr.Ath;10944;112.44
Froidchapelle;Arr.Thuin;3640;86.03
Galmaarden;Arr.Halle-Vilvoorde;8032;34.93
Ganshoren;Gew.Brussel;20760;2.46
Gavere;Arr.Gent;12003;31.35
Gedinne;Arr.Dinant;4365;151.56
Geel;Arr.Turnhout;35006;109.85
Geer;Arr.Waremme;2817;23.62
Geetbets;Arr.Leuven;5755;35.17
Gembloux;Arr.Namur;21760;95.86
Genappe;Arr.Nivelles;14116;89.57
Genk;Arr.Hasselt;63622;87.85
Gent;Arr.Gent;231671;156.18
Geraardsbergen;Arr.Aalst;31262;79.71
Gerpinnes;Arr.Charleroi;12015;47.10
Gesves;Arr.Namur;6279;64.92
Gingelom;Arr.Hasselt;7764;56.49
Gistel;Arr.Oostende;11185;42.25
Glabbeek;Arr.Leuven;5151;26.78
Gooik;Arr.Halle-Vilvoorde;8843;39.70
Gouvy;Arr.Bastogne;4681;165.11
Grace-Hollogne;Arr.Liege;21786;34.24
Grez-Doiceau;Arr.Nivelles;12350;55.44
Grimbergen;Arr.Halle-Vilvoorde;33847;38.61
Grobbendonk;Arr.Turnhout;10715;28.36
Haacht;Arr.Leuven;13533;30.57
Haaltert;Arr.Aalst;17176;30.30
Habay;Arr.Virton;7689;103.64
Halen;Arr.Hasselt;8534;36.29
Halle;Arr.Halle-Vilvoorde;34743;44.40
Ham;Arr.Hasselt;9658;32.69
Hamme;Arr.Dendermonde;23122;40.21
Hamoir;Arr.Huy;3598;27.80
Hamois;Arr.Dinant;6644;76.42
Hamont-Achel;Arr.Maaseik;13744;43.66
Ham-Sur-Heure-Nalinnes;Arr.Thuin;13376;45.68
Hannut;Arr.Waremme;14165;86.53
Harelbeke;Arr.Kortrijk;26084;29.14
Hasselt;Arr.Hasselt;69720;102.24
Hastiere;Arr.Dinant;5224;56.46
Havelange;Arr.Dinant;4749;104.73
Hechtel-Eksel;Arr.Maaseik;11461;76.70
Heers;Arr.Tongeren;6719;53.07
Heist-Op-Den-Berg;Arr.Mechelen;38264;86.46
Helecine;Arr.Nivelles;3022;16.62
Hemiksem;Arr.Antwerpen;9551;5.44
Hensies;Arr.Mons;6668;25.99
Herbeumont;Arr.Neufchateau;1515;58.81
Herent;Arr.Leuven;19134;32.73
Herentals;Arr.Turnhout;26017;48.56
Herenthout;Arr.Turnhout;8399;23.55
Herk-De-Stad;Arr.Hasselt;11732;42.83
Herne;Arr.Halle-Vilvoorde;6435;44.63
Heron;Arr.Huy;4501;38.32
Herselt;Arr.Turnhout;13787;52.32
Herstal;Arr.Liege;37109;23.54
Herstappe;Arr.Tongeren;82;1.35
Herve;Arr.Verviers;16760;56.84
Herzele;Arr.Aalst;16644;47.40
Heusden-Zolder;Arr.Hasselt;30721;53.23
Heuvelland;Arr.Ieper;8246;94.24
Hoegaarden;Arr.Leuven;6164;33.93
Hoeilaart;Arr.Halle-Vilvoorde;10119;20.43
Hoeselt;Arr.Tongeren;9222;30.02
Holsbeek;Arr.Leuven;9117;38.50
Honnelles;Arr.Mons;4972;43.65
Hooglede;Arr.Roeselare;9836;37.84
Hoogstraten;Arr.Turnhout;18561;105.32
Horebeke;Arr.Oudenaarde;1982;11.20
Hotton;Arr.Marche-en-Famenne;5038;57.32
Houffalize;Arr.Bastogne;4672;166.58
Houthalen-Helchteren;Arr.Maaseik;29877;78.27
Houthulst;Arr.Diksmuide;9024;55.89
Houyet;Arr.Dinant;4468;122.31
Hove;Arr.Antwerpen;8273;5.99
Huldenberg;Arr.Leuven;9113;39.64
Hulshout;Arr.Turnhout;9124;17.35
Huy;Arr.Huy;20021;47.74
Ichtegem;Arr.Oostende;13351;45.33
Ieper;Arr.Ieper;34963;130.61
Incourt;Arr.Nivelles;4533;38.79
Ingelmunster;Arr.Roeselare;10632;16.16
Ittre;Arr.Nivelles;6001;34.92
Izegem;Arr.Roeselare;26566;25.48
Jabbeke;Arr.Brugge;13643;53.76
Jalhay;Arr.Verviers;7899;107.75
Jemeppe-Sur-Sambre;Arr.Namur;17966;46.80
Jette;Gew.Brussel;42644;5.04
Jodoigne;Arr.Nivelles;12303;73.31
Juprelle;Arr.Liege;8360;35.36
Jurbise;Arr.Mons;9482;57.86
Kalmthout;Arr.Antwerpen;17461;59.45
Kampenhout;Arr.Halle-Vilvoorde;10921;33.49
Kapellen;Arr.Antwerpen;25957;37.11
Kapelle-Op-Den-Bos;Arr.Halle-Vilvoorde;8886;15.25
Kaprijke;Arr.Eeklo;6090;33.71
Kasterlee;Arr.Turnhout;17925;71.52
Keerbergen;Arr.Leuven;12451;18.39
Kinrooi;Arr.Maaseik;12014;54.76
Kluisbergen;Arr.Oudenaarde;6119;30.38
Knesselare;Arr.Gent;7881;37.27
Knokke-Heist;Arr.Brugge;33839;56.44
Koekelare;Arr.Diksmuide;8258;39.19
Koekelberg;Gew.Brussel;17899;1.17
Koksijde;Arr.Veurne;20972;43.96
Kontich;Arr.Antwerpen;20220;23.67
Kortemark;Arr.Diksmuide;12053;55.00
Kortenaken;Arr.Leuven;7502;49.06
Kortenberg;Arr.Leuven;18214;34.52
Kortessem;Arr.Tongeren;8072;33.90
Kortrijk;Arr.Kortrijk;73631;80.02
Kraainem;Arr.Halle-Vilvoorde;12976;5.80
Kruibeke;Arr.Sint-Niklaas;15106;33.42
Kruishoutem;Arr.Oudenaarde;8107;46.76
Kuurne;Arr.Kortrijk;12588;10.01
La Bruyere;Arr.Namur;8220;52.98
La Calamine;Arr.Verviers;10331;18.12
La Louviere;Arr.Soignies;77013;64.24
La Roche-En-Ardenne;Arr.Marche-en-Famenne;4250;147.52
Laakdal;Arr.Turnhout;14893;42.48
Laarne;Arr.Dendermonde;11651;32.07
Lanaken;Arr.Tongeren;24522;59.00
Landen;Arr.Leuven;14602;54.05
Langemark-Poelkapelle;Arr.Ieper;7759;52.53
Lasne;Arr.Nivelles;13959;47.22
Le Roeulx;Arr.Soignies;7976;42.80
Lebbeke;Arr.Dendermonde;17523;26.92
Lede;Arr.Aalst;16956;29.69
Ledegem;Arr.Roeselare;9269;24.76
Leglise;Arr.Neufchateau;4035;172.92
Lendelede;Arr.Kortrijk;5424;13.15
Lennik;Arr.Halle-Vilvoorde;8726;30.80
Lens;Arr.Mons;3897;49.42
Leopoldsburg;Arr.Hasselt;14309;22.49
Les Bons Villers;Arr.Charleroi;8855;42.55
Lessines;Arr.Soignies;17752;72.29
Leuven;Arr.Leuven;90143;56.63
Leuze-En-Hainaut;Arr.Tournai;13178;73.53
Libin;Arr.Neufchateau;4584;139.72
Libramont-Chevigny;Arr.Neufchateau;9775;177.86
Lichtervelde;Arr.Roeselare;8386;25.93
Liedekerke;Arr.Halle-Vilvoorde;11928;10.08
Liege;Arr.Liege;186196;69.39
Lier;Arr.Mechelen;33141;49.70
Lierde;Arr.Oudenaarde;6411;26.13
Lierneux;Arr.Verviers;3363;92.08
Lille;Arr.Turnhout;15382;59.40
Limbourg;Arr.Verviers;5616;24.63
Lincent;Arr.Waremme;3007;14.75
Linkebeek;Arr.Halle-Vilvoorde;4751;4.15
Lint;Arr.Antwerpen;7990;5.57
Linter;Arr.Leuven;7012;36.38
Lobbes;Arr.Thuin;5509;32.08
Lochristi;Arr.Gent;20017;60.34
Lokeren;Arr.Sint-Niklaas;37646;67.50
Lommel;Arr.Maaseik;31726;102.37
Londerzeel;Arr.Halle-Vilvoorde;17452;36.29
Lontzen;Arr.Verviers;5065;28.73
Lo-Reninge;Arr.Diksmuide;3312;62.94
Lovendegem;Arr.Gent;9314;19.48
Lubbeek;Arr.Leuven;13591;46.13
Lummen;Arr.Hasselt;13675;53.38
Maarkedal;Arr.Oudenaarde;6445;45.63
Maaseik;Arr.Maaseik;23608;76.91
Maasmechelen;Arr.Tongeren;36226;76.28
Machelen;Arr.Halle-Vilvoorde;12463;11.59
Maldegem;Arr.Eeklo;22229;94.64
Malle;Arr.Antwerpen;14155;51.99
Malmedy;Arr.Verviers;11729;99.96
Manage;Arr.Charleroi;22315;19.60
Manhay;Arr.Marche-en-Famenne;3157;119.81
Marche-En-Famenne;Arr.Marche-en-Famenne;16886;121.40
Marchin;Arr.Huy;5105;30.00
Martelange;Arr.Arlon;1522;29.67
Mechelen;Arr.Mechelen;77992;65.19
Meerhout;Arr.Turnhout;9345;36.29
Meeuwen-Gruitrode;Arr.Maaseik;12525;91.26
Meise;Arr.Halle-Vilvoorde;18482;34.82
Meix-Devant-Virton;Arr.Virton;2685;54.20
Melle;Arr.Gent;10477;15.21
Menen;Arr.Kortrijk;32345;33.07
Merbes-Le-Chateau;Arr.Thuin;4083;30.24
Merchtem;Arr.Halle-Vilvoorde;14728;36.72
Merelbeke;Arr.Gent;22370;36.65
Merksplas;Arr.Turnhout;8121;44.56
Mesen;Arr.Ieper;971;3.58
Messancy;Arr.Arlon;7276;52.43
Mettet;Arr.Namur;11839;116.78
Meulebeke;Arr.Tielt;10958;29.35
Middelkerke;Arr.Oostende;17735;75.65
Modave;Arr.Huy;3716;40.37
Moerbeke;Arr.Gent;5842;37.80
Mol;Arr.Turnhout;32652;114.26
Momignies;Arr.Thuin;5112;85.58
Mons;Arr.Mons;90946;146.53
Mont-De-L'Enclus;Arr.Tournai;3365;26.93
Montigny-Le-Tilleul;Arr.Charleroi;10191;15.10
Mont-Saint-Guibert;Arr.Nivelles;6354;18.63
Moorslede;Arr.Roeselare;10596;35.34
Morlanwelz-Mariemont;Arr.Thuin;18487;20.26
Mortsel;Arr.Antwerpen;24379;7.78
Mouscron;Arr.Mouscron;52639;40.08
Musson;Arr.Virton;4137;34.81
Namur;Arr.Namur;106954;175.69
Nandrin;Arr.Huy;5534;35.90
Nassogne;Arr.Marche-en-Famenne;4925;111.96
Nazareth;Arr.Gent;10916;35.19
Neerpelt;Arr.Maaseik;16061;42.78
Neufchateau;Arr.Neufchateau;6445;113.79
Neupre;Arr.Liege;9798;31.69
Nevele;Arr.Gent;11146;51.89
Niel;Arr.Antwerpen;8771;5.27
Nieuwerkerken;Arr.Hasselt;6582;22.46
Nieuwpoort;Arr.Veurne;10885;31.00
Nijlen;Arr.Mechelen;20783;39.09
Ninove;Arr.Aalst;35467;72.57
Nivelles;Arr.Nivelles;24224;60.60
Ohey;Arr.Namur;4242;56.62
Olen;Arr.Turnhout;11226;23.17
Olne;Arr.Verviers;3804;15.99
Onhaye;Arr.Dinant;3101;65.53
Oostende;Arr.Oostende;68739;37.72
Oosterzele;Arr.Gent;13195;43.12
Oostkamp;Arr.Brugge;21680;79.65
Oostrozebeke;Arr.Tielt;7434;16.62
Opglabbeek;Arr.Hasselt;9492;24.98
Opwijk;Arr.Halle-Vilvoorde;12139;19.69
Oreye;Arr.Waremme;3423;19.64
Orp-Jauche;Arr.Nivelles;7760;50.50
Ottignies-Louvain-La-Neuve;Arr.Nivelles;29439;32.96
Oudenaarde;Arr.Oudenaarde;28295;68.06
Oudenburg;Arr.Oostende;8887;35.38
Oudergem;Gew.Brussel;29329;9.03
Oud-Heverlee;Arr.Leuven;10794;31.14
Oud-Turnhout;Arr.Turnhout;12607;38.80
Ouffet;Arr.Huy;2489;40.22
Oupeye;Arr.Liege;23586;36.11
Overijse;Arr.Halle-Vilvoorde;24041;44.43
Overpelt;Arr.Maaseik;13304;40.85
Paliseul;Arr.Neufchateau;5060;112.96
Pecq;Arr.Tournai;5290;32.91
Peer;Arr.Maaseik;15778;86.95
Pepingen;Arr.Halle-Vilvoorde;4343;36.05
Pepinster;Arr.Verviers;9536;24.79
Peruwelz;Arr.Tournai;16799;60.56
Perwez;Arr.Nivelles;7408;50.81
Philippeville;Arr.Philippeville;8300;156.71
Pittem;Arr.Tielt;6613;34.42
Plombieres;Arr.Verviers;9627;53.18
Pont-a-Celles;Arr.Charleroi;16234;55.73
Poperinge;Arr.Ieper;19564;119.33
Profondeville;Arr.Namur;11258;50.34
Putte;Arr.Mechelen;15583;34.96
Puurs;Arr.Mechelen;15903;33.41
Quaregnon;Arr.Mons;18701;11.08
Quevy;Arr.Mons;7738;65.16
Quievrain;Arr.Mons;6565;21.22
Raeren;Arr.Verviers;10057;74.21
Ramillies;Arr.Nivelles;5753;48.68
Ranst;Arr.Antwerpen;17829;43.58
Ravels;Arr.Turnhout;13605;94.99
Rebecq;Arr.Nivelles;10145;39.08
Remicourt;Arr.Waremme;5037;22.58
Rendeux;Arr.Marche-en-Famenne;2257;68.83
Retie;Arr.Turnhout;10250;48.39
Riemst;Arr.Tongeren;15873;57.88
Rijkevorsel;Arr.Turnhout;10660;46.79
Rixensart;Arr.Nivelles;21424;17.54
Rochefort;Arr.Dinant;12032;165.27
Roeselare;Arr.Roeselare;55638;59.79
Ronse;Arr.Oudenaarde;24025;34.48
Roosdaal;Arr.Halle-Vilvoorde;10716;21.69
Rotselaar;Arr.Leuven;15055;37.57
Rouvroy;Arr.Virton;1978;27.68
Ruiselede;Arr.Tielt;5113;30.20
Rumes;Arr.Tournai;5105;23.72
Rumst;Arr.Antwerpen;14624;19.90
Sainte-Ode;Arr.Bastogne;2320;97.86
Saint-Georges-Sur-Meuse;Arr.Waremme;6591;20.90
Saint-Ghislain;Arr.Mons;22399;70.18
Saint-Hubert;Arr.Neufchateau;5712;111.16
Saint-Leger;Arr.Virton;3153;35.86
Saint-Nicolas;Arr.Liege;22651;6.84
Sambreville;Arr.Namur;27007;34.20
Sankt-Vith;Arr.Verviers;9144;146.93
Schaarbeek;Gew.Brussel;111574;8.14
Schelle;Arr.Antwerpen;7815;7.80
Scherpenheuvel-Zichem;Arr.Leuven;21955;50.50
Schilde;Arr.Antwerpen;19564;35.99
Schoten;Arr.Antwerpen;33159;29.55
Seneffe;Arr.Charleroi;10678;62.77
Seraing;Arr.Liege;60672;35.34
Silly;Arr.Soignies;7919;67.68
Sint-Agatha-Berchem;Gew.Brussel;20068;2.95
Sint-Amands;Arr.Mechelen;7725;15.58
Sint-Genesius-Rode;Arr.Halle-Vilvoorde;17932;22.77
Sint-Gillis;Gew.Brussel;43974;2.52
Sint-Gillis-Waas;Arr.Sint-Niklaas;17885;54.98
Sint-Jans-Molenbeek;Gew.Brussel;79448;5.89
Sint-Joost-Ten-Node;Gew.Brussel;23287;1.14
Sint-Katelijne-Waver;Arr.Mechelen;19518;36.12
Sint-Lambrechts-Woluwe;Gew.Brussel;47849;7.22
Sint-Laureins;Arr.Eeklo;6543;74.50
Sint-Lievens-Houtem;Arr.Aalst;9320;26.67
Sint-Martens-Latem;Arr.Gent;8283;14.34
Sint-Niklaas;Arr.Sint-Niklaas;69465;83.80
Sint-Pieters-Leeuw;Arr.Halle-Vilvoorde;30691;40.38
Sint-Pieters-Woluwe;Gew.Brussel;38040;8.85
Sint-Truiden;Arr.Hasselt;38120;106.90
Sivry-Rance;Arr.Thuin;4598;72.97
Soignies;Arr.Soignies;25239;110.30
Sombreffe;Arr.Namur;7554;35.78
Somme-Leuze;Arr.Dinant;4574;95.09
Soumagne;Arr.Liege;15303;27.14
Spa;Arr.Verviers;10543;39.85
Spiere-Helkijn;Arr.Kortrijk;2032;10.78
Sprimont;Arr.Liege;12798;74.28
Stabroek;Arr.Antwerpen;17516;21.51
Staden;Arr.Roeselare;10942;46.24
Stavelot;Arr.Verviers;6646;85.07
Steenokkerzeel;Arr.Halle-Vilvoorde;10754;23.46
Stekene;Arr.Sint-Niklaas;16882;44.80
Stoumont;Arr.Verviers;2969;108.45
Tellin;Arr.Neufchateau;2318;56.64
Temse;Arr.Sint-Niklaas;26236;39.92
Tenneville;Arr.Marche-en-Famenne;2539;91.81
Terhulpen;Arr.Nivelles;7197;15.60
Ternat;Arr.Halle-Vilvoorde;14575;24.48
Tervuren;Arr.Leuven;20570;32.92
Tessenderlo;Arr.Hasselt;16680;51.35
Theux;Arr.Verviers;11624;83.36
Thimister-Clermont;Arr.Verviers;5296;28.69
Thuin;Arr.Thuin;14621;76.17
Tielt;Arr.Tielt;19169;68.50
Tielt-Winge;Arr.Leuven;9928;44.16
Tienen;Arr.Leuven;31797;71.77
Tinlot;Arr.Huy;2339;37.12
Tintigny;Arr.Virton;3623;81.79
Tongeren;Arr.Tongeren;29673;87.56
Torhout;Arr.Brugge;19305;45.23
Tournai;Arr.Tournai;67553;213.75
Tremelo;Arr.Leuven;13661;21.57
Trois-Ponts;Arr.Verviers;2454;68.90
Trooz;Arr.Liege;7606;24.20
Tubize;Arr.Nivelles;22201;32.66
Turnhout;Arr.Turnhout;39760;56.06
Ukkel;Gew.Brussel;75169;22.91
Vaux-Sur-Sure;Arr.Bastogne;4613;135.87
Verlaine;Arr.Huy;3513;24.21
Verviers;Arr.Verviers;53275;33.07
Veurne;Arr.Veurne;11903;96.34
Vielsalm;Arr.Bastogne;7356;139.76
Villers-La-Ville;Arr.Nivelles;9481;47.45
Villers-Le-Bouillet;Arr.Huy;6052;32.71
Vilvoorde;Arr.Halle-Vilvoorde;37200;21.47
Viroinval;Arr.Philippeville;5668;120.90
Virton;Arr.Virton;11162;94.49
Vise;Arr.Liege;16849;27.99
Vleteren;Arr.Ieper;3624;38.15
Voeren;Arr.Tongeren;4283;50.63
Vorselaar;Arr.Turnhout;7324;27.62
Vorst;Gew.Brussel;47505;6.25
Vosselaar;Arr.Turnhout;10106;11.85
Vresse-Sur-Semois;Arr.Dinant;2855;101.04
Waarschoot;Arr.Gent;7828;21.91
Waasmunster;Arr.Dendermonde;10359;31.93
Wachtebeke;Arr.Gent;6844;34.53
Waimes;Arr.Verviers;6710;96.93
Walcourt;Arr.Philippeville;17458;123.18
Walhain;Arr.Nivelles;6003;37.94
Wanze;Arr.Huy;12592;43.95
Waregem;Arr.Kortrijk;35854;44.34
Waremme;Arr.Waremme;13938;31.04
Wasseiges;Arr.Waremme;2486;24.45
Waterloo;Arr.Nivelles;29251;21.03
Watermaal-Bosvoorde;Gew.Brussel;24112;12.93
Wavre;Arr.Nivelles;32072;41.80
Welkenraedt;Arr.Verviers;9098;24.47
Wellen;Arr.Tongeren;6861;26.72
Wellin;Arr.Neufchateau;2952;67.52
Wemmel;Arr.Halle-Vilvoorde;14671;8.74
Wervik;Arr.Ieper;17663;43.61
Westerlo;Arr.Turnhout;22691;55.13
Wetteren;Arr.Dendermonde;23168;36.68
Wevelgem;Arr.Kortrijk;31064;38.76
Wezembeek-Oppem;Arr.Halle-Vilvoorde;13486;6.82
Wichelen;Arr.Dendermonde;11137;22.87
Wielsbeke;Arr.Tielt;8882;21.76
Wijnegem;Arr.Antwerpen;8806;7.86
Willebroek;Arr.Mechelen;22947;27.41
Wingene;Arr.Tielt;13082;68.42
Wommelgem;Arr.Antwerpen;12088;13.01
Wortegem-Petegem;Arr.Oudenaarde;5961;41.96
Wuustwezel;Arr.Antwerpen;18240;89.43
Yvoir;Arr.Dinant;8409;56.84
Zandhoven;Arr.Antwerpen;12274;40.10
Zaventem;Arr.Halle-Vilvoorde;28495;27.62
Zedelgem;Arr.Brugge;21811;60.34
Zele;Arr.Dendermonde;20300;33.06
Zelzate;Arr.Eeklo;12107;13.71
Zemst;Arr.Halle-Vilvoorde;21236;42.83
Zingem;Arr.Oudenaarde;6778;23.93
Zoersel;Arr.Antwerpen;20515;38.65
Zomergem;Arr.Gent;7977;38.78
Zonhoven;Arr.Hasselt;19848;39.34
Zonnebeke;Arr.Ieper;11669;67.57
Zottegem;Arr.Aalst;24425;56.65
Zoutleeuw;Arr.Leuven;7907;46.73
Zuienkerke;Arr.Brugge;2763;48.86
Zulte;Arr.Gent;14577;32.52
Zutendaal;Arr.Hasselt;6878;32.07
Zwalm;Arr.Oudenaarde;7784;33.82
Zwevegem;Arr.Kortrijk;23660;63.24
Zwijndrecht;Arr.Antwerpen;18101;17.82